{
    " ": {
        "frequency": 0.1582075360897229,
        "index": 32
    },
    "О": {
        "frequency": 0.09686415828972789,
        "index": 31
    },
    "Е": {
        "frequency": 0.0718659492175947,
        "index": 30
    },
    "А": {
        "frequency": 0.06900068919844805,
        "index": 29
    },
    "Т": {
        "frequency": 0.058068506190996225,
        "index": 28
    },
    "Н": {
        "frequency": 0.054420627536633175,
        "index": 27
    },
    "И": {
        "frequency": 0.05285336915638202,
        "index": 26
    },
    "С": {
        "frequency": 0.04563082093663169,
        "index": 25
    },
    "Л": {
        "frequency": 0.040662933003128905,
        "index": 24
    },
    "Р": {
        "frequency": 0.035963852675466576,
        "index": 23
    },
    "В": {
        "frequency": 0.03396856814924055,
        "index": 22
    },
    "К": {
        "frequency": 0.02859870392964382,
        "index": 21
    },
    "М": {
        "frequency": 0.02649540231201489,
        "index": 20
    },
    "П": {
        "frequency": 0.024830456957210187,
        "index": 19
    },
    "Д": {
        "frequency": 0.024284083602983068,
        "index": 18
    },
    "У": {
        "frequency": 0.023285206217203282,
        "index": 17
    },
    "Ь": {
        "frequency": 0.01930204790075183,
        "index": 16
    },
    "Я": {
        "frequency": 0.018743547887614617,
        "index": 15
    },
    "Б": {
        "frequency": 0.014557380318297848,
        "index": 14
    },
    "Ы": {
        "frequency": 0.014157874277537452,
        "index": 13
    },
    "Ч": {
        "frequency": 0.0141360912050508,
        "index": 12
    },
    "Г": {
        "frequency": 0.013846398797754053,
        "index": 11
    },
    "З": {
        "frequency": 0.013581857979307877,
        "index": 10
    },
    "Ж": {
        "frequency": 0.00912531082984748,
        "index": 9
    },
    "Й": {
        "frequency": 0.008753651191028788,
        "index": 8
    },
    "Ш": {
        "frequency": 0.006991917132700905,
        "index": 7
    },
    "Х": {
        "frequency": 0.0065753439423633375,
        "index": 6
    },
    "Ю": {
        "frequency": 0.004473838866795164,
        "index": 5
    },
    "Э": {
        "frequency": 0.003983158316451452,
        "index": 4
    },
    "Щ": {
        "frequency": 0.0027855384652006434,
        "index": 3
    },
    "Ц": {
        "frequency": 0.002418819317049027,
        "index": 2
    },
    "Ф": {
        "frequency": 0.0012852012767126154,
        "index": 1
    },
    "Ъ": {
        "frequency": 0.0002811588325081591,
        "index": 0
    }
}